-- MySQL dump 10.13  Distrib 8.4.8, for Win64 (x86_64)
--
-- Host: 127.0.0.1    Database: tlias
-- ------------------------------------------------------
-- Server version	8.4.8

/*!40101 SET @OLD_CHARACTER_SET_CLIENT=@@CHARACTER_SET_CLIENT */;
/*!40101 SET @OLD_CHARACTER_SET_RESULTS=@@CHARACTER_SET_RESULTS */;
/*!40101 SET @OLD_COLLATION_CONNECTION=@@COLLATION_CONNECTION */;
/*!50503 SET NAMES utf8mb4 */;
/*!40103 SET @OLD_TIME_ZONE=@@TIME_ZONE */;
/*!40103 SET TIME_ZONE='+00:00' */;
/*!40014 SET @OLD_UNIQUE_CHECKS=@@UNIQUE_CHECKS, UNIQUE_CHECKS=0 */;
/*!40014 SET @OLD_FOREIGN_KEY_CHECKS=@@FOREIGN_KEY_CHECKS, FOREIGN_KEY_CHECKS=0 */;
/*!40101 SET @OLD_SQL_MODE=@@SQL_MODE, SQL_MODE='NO_AUTO_VALUE_ON_ZERO' */;
/*!40111 SET @OLD_SQL_NOTES=@@SQL_NOTES, SQL_NOTES=0 */;

--
-- Table structure for table `clazz`
--

DROP TABLE IF EXISTS `clazz`;
/*!40101 SET @saved_cs_client     = @@character_set_client */;
/*!50503 SET character_set_client = utf8mb4 */;
CREATE TABLE `clazz` (
  `id` int unsigned NOT NULL AUTO_INCREMENT COMMENT 'ID,дё»й”®',
  `name` varchar(30) NOT NULL COMMENT 'зҸӯзә§еҗҚз§°',
  `room` varchar(20) DEFAULT NULL COMMENT 'зҸӯзә§ж•ҷе®Ө',
  `begin_date` date NOT NULL COMMENT 'ејҖиҜҫж—¶й—ҙ',
  `end_date` date NOT NULL COMMENT 'з»“иҜҫж—¶й—ҙ',
  `master_id` int unsigned DEFAULT NULL COMMENT 'зҸӯдё»д»»ID, е…іиҒ”е‘ҳе·ҘиЎЁID',
  `subject` tinyint unsigned NOT NULL COMMENT 'еӯҰз§‘, 1:java, 2:еүҚз«Ҝ, 3:еӨ§ж•°жҚ®, 4:Python, 5:Go, 6: еөҢе…ҘејҸ',
  `create_time` datetime DEFAULT NULL COMMENT 'еҲӣе»әж—¶й—ҙ',
  `update_time` datetime DEFAULT NULL COMMENT 'дҝ®ж”№ж—¶й—ҙ',
  PRIMARY KEY (`id`),
  UNIQUE KEY `name` (`name`)
) ENGINE=InnoDB AUTO_INCREMENT=9 DEFAULT CHARSET=utf8mb4 COLLATE=utf8mb4_0900_ai_ci COMMENT='зҸӯзә§иЎЁ';
/*!40101 SET character_set_client = @saved_cs_client */;

--
-- Dumping data for table `clazz`
--

LOCK TABLES `clazz` WRITE;
/*!40000 ALTER TABLE `clazz` DISABLE KEYS */;
INSERT INTO `clazz` VALUES (1,'JavaEEе°ұдёҡ163жңҹ','212','2024-04-30','2024-06-29',10,1,'2024-06-01 17:08:23','2024-06-01 17:39:58'),(2,'еүҚз«Ҝе°ұдёҡ90жңҹ','210','2024-07-10','2024-01-20',3,2,'2024-06-01 17:45:12','2024-06-01 17:45:12'),(3,'JavaEEе°ұдёҡ165жңҹ','108','2024-06-15','2024-12-25',6,1,'2024-06-01 17:45:40','2024-06-01 17:45:40'),(4,'JavaEEе°ұдёҡ166жңҹ','105','2024-07-20','2024-02-20',20,1,'2024-06-01 17:46:10','2024-06-01 17:46:10'),(5,'еӨ§ж•°жҚ®е°ұдёҡ58жңҹ','209','2024-08-01','2024-02-15',7,3,'2024-06-01 17:51:21','2024-06-01 17:51:21'),(6,'JavaEEе°ұдёҡ167жңҹ','325','2024-11-20','2024-05-10',36,1,'2024-11-15 11:35:46','2024-12-13 14:31:24'),(7,'xxxxxxxx','123','2026-06-01','2026-06-08',5,3,'2026-06-04 17:44:30','2026-06-04 17:45:24'),(8,'111111','111','2026-06-08','2026-06-07',4,2,'2026-06-04 17:45:19',NULL);
/*!40000 ALTER TABLE `clazz` ENABLE KEYS */;
UNLOCK TABLES;

--
-- Table structure for table `dept`
--

DROP TABLE IF EXISTS `dept`;
/*!40101 SET @saved_cs_client     = @@character_set_client */;
/*!50503 SET character_set_client = utf8mb4 */;
CREATE TABLE `dept` (
  `id` int unsigned NOT NULL AUTO_INCREMENT COMMENT 'ID, дё»й”®',
  `name` varchar(10) NOT NULL COMMENT 'йғЁй—ЁеҗҚз§°',
  `create_time` datetime DEFAULT NULL COMMENT 'еҲӣе»әж—¶й—ҙ',
  `update_time` datetime DEFAULT NULL COMMENT 'дҝ®ж”№ж—¶й—ҙ',
  PRIMARY KEY (`id`),
  UNIQUE KEY `name` (`name`)
) ENGINE=InnoDB AUTO_INCREMENT=32 DEFAULT CHARSET=utf8mb4 COLLATE=utf8mb4_0900_ai_ci COMMENT='йғЁй—ЁиЎЁ';
/*!40101 SET character_set_client = @saved_cs_client */;

--
-- Dumping data for table `dept`
--

LOCK TABLES `dept` WRITE;
/*!40000 ALTER TABLE `dept` DISABLE KEYS */;
INSERT INTO `dept` VALUES (1,'еӯҰе·ҘйғЁ','2024-09-25 09:47:40','2024-09-25 09:47:40'),(2,'javaйғЁй—Ё','2026-05-12 22:07:29','2026-05-14 09:18:00'),(3,'е’ЁиҜўйғЁ','2024-09-25 09:47:40','2026-05-12 21:39:26'),(4,'е°ұдёҡйғЁ','2024-09-25 09:47:40','2024-09-25 09:47:40'),(5,'дәәдәӢйғЁ','2024-09-25 09:47:40','2024-09-25 09:47:40'),(31,'xxxxxxxxxx','2026-06-04 18:18:13','2026-06-04 18:18:13');
/*!40000 ALTER TABLE `dept` ENABLE KEYS */;
UNLOCK TABLES;

--
-- Table structure for table `emp`
--

DROP TABLE IF EXISTS `emp`;
/*!40101 SET @saved_cs_client     = @@character_set_client */;
/*!50503 SET character_set_client = utf8mb4 */;
CREATE TABLE `emp` (
  `id` int unsigned NOT NULL AUTO_INCREMENT COMMENT 'ID,дё»й”®',
  `username` varchar(20) NOT NULL COMMENT 'з”ЁжҲ·еҗҚ',
  `password` varchar(32) DEFAULT '123456' COMMENT 'еҜҶз Ғ',
  `name` varchar(10) NOT NULL COMMENT 'е§“еҗҚ',
  `gender` tinyint unsigned NOT NULL COMMENT 'жҖ§еҲ«, 1:з”·, 2:еҘі',
  `phone` char(11) NOT NULL COMMENT 'жүӢжңәеҸ·',
  `job` tinyint unsigned DEFAULT NULL COMMENT 'иҒҢдҪҚ, 1 зҸӯдё»д»», 2 и®ІеёҲ , 3 еӯҰе·Ҙдё»з®Ў, 4 ж•ҷз ”дё»з®Ў, 5 е’ЁиҜўеёҲ',
  `salary` int unsigned DEFAULT NULL COMMENT 'и–Әиө„',
  `image` varchar(255) DEFAULT NULL COMMENT 'еӨҙеғҸ',
  `entry_date` date DEFAULT NULL COMMENT 'е…ҘиҒҢж—Ҙжңҹ',
  `dept_id` int unsigned DEFAULT NULL COMMENT 'йғЁй—ЁID',
  `create_time` datetime DEFAULT NULL COMMENT 'еҲӣе»әж—¶й—ҙ',
  `update_time` datetime DEFAULT NULL COMMENT 'дҝ®ж”№ж—¶й—ҙ',
  PRIMARY KEY (`id`),
  UNIQUE KEY `username` (`username`),
  UNIQUE KEY `phone` (`phone`)
) ENGINE=InnoDB AUTO_INCREMENT=82 DEFAULT CHARSET=utf8mb4 COLLATE=utf8mb4_0900_ai_ci COMMENT='е‘ҳе·ҘиЎЁ';
/*!40101 SET character_set_client = @saved_cs_client */;

--
-- Dumping data for table `emp`
--

LOCK TABLES `emp` WRITE;
/*!40000 ALTER TABLE `emp` DISABLE KEYS */;
INSERT INTO `emp` VALUES (2,'songjiang','123456','е®Ӣжұҹ',1,'13309090002',2,8600,'https://web-framework.oss-cn-hangzhou.aliyuncs.com/2023/1.jpg','2015-01-01',2,'2023-10-20 16:35:33','2023-10-20 16:35:37'),(3,'lujunyi','123456','еҚўдҝҠд№ү',1,'13309090003',2,8900,'https://web-framework.oss-cn-hangzhou.aliyuncs.com/2023/1.jpg','2008-05-01',2,'2023-10-20 16:35:33','2023-10-20 16:35:39'),(4,'wuyong','123456','еҗҙз”Ё',1,'13309090004',2,9200,'https://web-framework.oss-cn-hangzhou.aliyuncs.com/2023/1.jpg','2007-01-01',2,'2023-10-20 16:35:33','2023-10-20 16:35:41'),(5,'gongsunsheng','123456','е…¬еӯҷиғң',1,'13309090005',2,9500,'https://web-framework.oss-cn-hangzhou.aliyuncs.com/2023/1.jpg','2012-12-05',2,'2023-10-20 16:35:33','2023-10-20 16:35:43'),(6,'huosanniang','123456','жүҲдёүеЁҳ',2,'13309090006',3,6500,'https://web-framework.oss-cn-hangzhou.aliyuncs.com/2023/1.jpg','2013-09-05',1,'2023-10-20 16:35:33','2023-10-20 16:35:45'),(7,'chaijin','123456','жҹҙиҝӣ',1,'13309090007',1,4700,'https://web-framework.oss-cn-hangzhou.aliyuncs.com/2023/1.jpg','2005-08-01',1,'2023-10-20 16:35:33','2023-10-20 16:35:47'),(8,'likui','123456','жқҺйҖө',1,'13309090008',1,4800,'https://web-framework.oss-cn-hangzhou.aliyuncs.com/2023/1.jpg','2014-11-09',1,'2023-10-20 16:35:33','2023-10-20 16:35:49'),(9,'wusong','123456','жӯҰжқҫ',1,'13309090009',1,4900,'https://web-framework.oss-cn-hangzhou.aliyuncs.com/2023/1.jpg','2011-03-11',1,'2023-10-20 16:35:33','2023-10-20 16:35:51'),(10,'linchong','123456','жһ—еҶІ',1,'13309090010',1,5000,'https://web-framework.oss-cn-hangzhou.aliyuncs.com/2023/1.jpg','2013-09-05',1,'2023-10-20 16:35:33','2023-10-20 16:35:53'),(11,'huyanzhuo','123456','е‘је»¶зҒј',1,'13309090011',2,9700,'https://web-framework.oss-cn-hangzhou.aliyuncs.com/2023/1.jpg','2007-02-01',2,'2023-10-20 16:35:33','2023-10-20 16:35:55'),(12,'xiaoliguang','123456','е°ҸжқҺе№ҝ',1,'13309090012',2,10000,'https://web-framework.oss-cn-hangzhou.aliyuncs.com/2023/1.jpg','2008-08-18',2,'2023-10-20 16:35:33','2023-10-20 16:35:57'),(13,'yangzhi','123456','жқЁеҝ—',1,'13309090013',1,5300,'https://web-framework.oss-cn-hangzhou.aliyuncs.com/2023/1.jpg','2012-11-01',1,'2023-10-20 16:35:33','2023-10-20 16:35:59'),(14,'shijin','123456','еҸІиҝӣ',1,'13309090014',2,10600,'https://web-framework.oss-cn-hangzhou.aliyuncs.com/2023/1.jpg','2002-08-01',2,'2023-10-20 16:35:33','2023-10-20 16:36:01'),(15,'sunerniang','123456','еӯҷдәҢеЁҳ',2,'13309090015',2,10900,'https://web-framework.oss-cn-hangzhou.aliyuncs.com/2023/1.jpg','2011-05-01',2,'2023-10-20 16:35:33','2023-10-20 16:36:03'),(16,'luzhishen','123456','йІҒжҷәж·ұ',1,'13309090016',2,9600,'https://web-framework.oss-cn-hangzhou.aliyuncs.com/2023/1.jpg','2010-01-01',2,'2023-10-20 16:35:33','2023-10-20 16:36:05'),(17,'liying','12345678','жқҺеә”',1,'13309090017',1,5800,'https://web-framework.oss-cn-hangzhou.aliyuncs.com/2023/1.jpg','2015-03-21',1,'2023-10-20 16:35:33','2023-10-20 16:36:07'),(18,'shiqian','123456','ж—¶иҝҒ',1,'13309090018',2,10200,'https://web-framework.oss-cn-hangzhou.aliyuncs.com/2023/1.jpg','2015-01-01',2,'2023-10-20 16:35:33','2023-10-20 16:36:09'),(19,'gudasao','123456','йЎҫеӨ§е«Ӯ',2,'13309090019',2,10500,'https://web-framework.oss-cn-hangzhou.aliyuncs.com/2023/1.jpg','2008-01-01',2,'2023-10-20 16:35:33','2023-10-20 16:36:11'),(20,'ruanxiaoer','123456','йҳ®е°ҸдәҢ',1,'13309090020',2,10800,'https://web-framework.oss-cn-hangzhou.aliyuncs.com/2023/1.jpg','2018-01-01',2,'2023-10-20 16:35:33','2023-10-20 16:36:13'),(21,'ruanxiaowu','123456','йҳ®е°Ҹдә”',1,'13309090021',5,5200,'https://web-framework.oss-cn-hangzhou.aliyuncs.com/2023/1.jpg','2015-01-01',3,'2023-10-20 16:35:33','2023-10-20 16:36:15'),(22,'ruanxiaoqi','123456','йҳ®е°Ҹдёғ',1,'13309090022',5,5500,'https://web-framework.oss-cn-hangzhou.aliyuncs.com/2023/1.jpg','2016-01-01',3,'2023-10-20 16:35:33','2023-10-20 16:36:17'),(23,'ruanji','123456','йҳ®зұҚ',1,'13309090023',5,5800,'https://web-framework.oss-cn-hangzhou.aliyuncs.com/2023/1.jpg','2012-01-01',3,'2023-10-20 16:35:33','2023-10-20 16:36:19'),(24,'tongwei','123456','з«ҘеЁҒ',1,'13309090024',5,5000,'https://web-framework.oss-cn-hangzhou.aliyuncs.com/2023/1.jpg','2006-01-01',3,'2023-10-20 16:35:33','2023-10-20 16:36:21'),(25,'tongmeng','123456','з«ҘзҢӣ',1,'13309090025',5,4800,'https://web-framework.oss-cn-hangzhou.aliyuncs.com/2023/1.jpg','2002-01-01',3,'2023-10-20 16:35:33','2023-10-20 16:36:23'),(26,'yanshun','123456','зҮ•йЎә',1,'13309090026',5,5400,'https://web-framework.oss-cn-hangzhou.aliyuncs.com/2023/1.jpg','2011-01-01',3,'2023-10-20 16:35:33','2023-11-08 22:12:46'),(27,'lijun','123456','жқҺдҝҠ',1,'13309090027',2,6600,'https://web-framework.oss-cn-hangzhou.aliyuncs.com/2023/1.jpg','2004-01-01',2,'2023-10-20 16:35:33','2023-11-16 17:56:59'),(28,'lizhong','123456','жқҺеҝ ',1,'13309090028',5,5000,'https://web-framework.oss-cn-hangzhou.aliyuncs.com/2023/1.jpg','2007-01-01',3,'2023-10-20 16:35:33','2023-11-17 16:34:22'),(30,'liyun','123456','жқҺдә‘',1,'13309090030',NULL,NULL,'https://web-framework.oss-cn-hangzhou.aliyuncs.com/2023/1.jpg','2020-03-01',NULL,'2023-10-20 16:35:33','2023-10-20 16:36:31'),(36,'linghuchong','123456','д»ӨзӢҗеҶІ',1,'18809091212',2,6800,'https://web-framework.oss-cn-hangzhou.aliyuncs.com/2023/1.jpg','2023-10-19',2,'2023-10-20 20:44:54','2023-11-09 09:41:04'),(75,'funest','123456','funest',2,'12345678933',1,12,'','2026-05-04',31,'2026-05-19 22:09:27','2026-06-04 18:18:19'),(79,'happyest','123456','happyest',1,'12345679999',1,123,'','2026-05-05',3,'2026-05-20 21:54:55','2026-05-27 08:38:32'),(80,'excited','123456','excited',1,'19876543212',1,1111,'https://java-web-ai-360.oss-cn-beijing.aliyuncs.com/2026/05/5d61a3c1-218c-4f60-b20f-aaaceffc4e97.jpg','2026-05-04',2,'2026-05-24 20:50:41','2026-05-24 20:50:41'),(81,'finn','123456','finn',1,'19876543222',2,123,'https://java-web-ai-360.oss-cn-beijing.aliyuncs.com/2026/05/fdd7baba-95bb-4d6d-9ca0-7327f3f8a4c6.jpg','2026-05-05',3,'2026-05-24 21:11:09','2026-05-24 21:11:09');
/*!40000 ALTER TABLE `emp` ENABLE KEYS */;
UNLOCK TABLES;

--
-- Table structure for table `emp_expr`
--

DROP TABLE IF EXISTS `emp_expr`;
/*!40101 SET @saved_cs_client     = @@character_set_client */;
/*!50503 SET character_set_client = utf8mb4 */;
CREATE TABLE `emp_expr` (
  `id` int unsigned NOT NULL AUTO_INCREMENT COMMENT 'ID, дё»й”®',
  `emp_id` int unsigned DEFAULT NULL COMMENT 'е‘ҳе·ҘID',
  `begin` date DEFAULT NULL COMMENT 'ејҖе§Ӣж—¶й—ҙ',
  `end` date DEFAULT NULL COMMENT 'з»“жқҹж—¶й—ҙ',
  `company` varchar(50) DEFAULT NULL COMMENT 'е…¬еҸёеҗҚз§°',
  `job` varchar(50) DEFAULT NULL COMMENT 'иҒҢдҪҚ',
  PRIMARY KEY (`id`)
) ENGINE=InnoDB AUTO_INCREMENT=9 DEFAULT CHARSET=utf8mb4 COLLATE=utf8mb4_0900_ai_ci COMMENT='е·ҘдҪңз»ҸеҺҶ';
/*!40101 SET character_set_client = @saved_cs_client */;

--
-- Dumping data for table `emp_expr`
--

LOCK TABLES `emp_expr` WRITE;
/*!40000 ALTER TABLE `emp_expr` DISABLE KEYS */;
INSERT INTO `emp_expr` VALUES (8,75,'2026-05-27','2026-06-22','12','12');
/*!40000 ALTER TABLE `emp_expr` ENABLE KEYS */;
UNLOCK TABLES;

--
-- Table structure for table `emp_log`
--

DROP TABLE IF EXISTS `emp_log`;
/*!40101 SET @saved_cs_client     = @@character_set_client */;
/*!50503 SET character_set_client = utf8mb4 */;
CREATE TABLE `emp_log` (
  `id` int unsigned NOT NULL AUTO_INCREMENT COMMENT 'ID, дё»й”®',
  `operate_time` datetime DEFAULT NULL COMMENT 'ж“ҚдҪңж—¶й—ҙ',
  `info` varchar(2000) DEFAULT NULL COMMENT 'ж—Ҙеҝ—дҝЎжҒҜ',
  PRIMARY KEY (`id`)
) ENGINE=InnoDB AUTO_INCREMENT=5 DEFAULT CHARSET=utf8mb4 COLLATE=utf8mb4_0900_ai_ci COMMENT='е‘ҳе·Ҙж—Ҙеҝ—иЎЁ';
/*!40101 SET character_set_client = @saved_cs_client */;

--
-- Dumping data for table `emp_log`
--

LOCK TABLES `emp_log` WRITE;
/*!40000 ALTER TABLE `emp_log` DISABLE KEYS */;
INSERT INTO `emp_log` VALUES (1,'2026-05-20 21:54:45','дҝқеӯҳе‘ҳе·Ҙж•°жҚ®пјҡEmp(id=null, username=happy, password=null, name=happy, gender=1, phone=12345678999, job=1, salary=123, image=, entryDate=2026-05-05, deptId=3, createTime=2026-05-20T21:54:44.619908400, updateTime=2026-05-20T21:54:44.619908400, deptName=null, exprList=[ExpExpr(id=null, empId=null, begin=2026-05-23, end=2026-06-24, company=123, job=123)])'),(2,'2026-05-20 21:54:55','дҝқеӯҳе‘ҳе·Ҙж•°жҚ®пјҡEmp(id=79, username=happy, password=null, name=happy, gender=1, phone=12345679999, job=1, salary=123, image=, entryDate=2026-05-05, deptId=3, createTime=2026-05-20T21:54:55.051937400, updateTime=2026-05-20T21:54:55.051937400, deptName=null, exprList=[])'),(3,'2026-05-24 20:50:41','ж–°еўһе‘ҳе·ҘпјҡEmp(id=80, username=excited, password=null, name=excited, gender=1, phone=19876543212, job=1, salary=1111, image=https://java-web-ai-360.oss-cn-beijing.aliyuncs.com/2026/05/5d61a3c1-218c-4f60-b20f-aaaceffc4e97.jpg, entryDate=2026-05-04, deptId=2, createTime=2026-05-24T20:50:40.617508200, updateTime=2026-05-24T20:50:40.617508200, deptName=null, exprList=[])'),(4,'2026-05-24 21:11:09','ж–°еўһе‘ҳе·ҘпјҡEmp(id=81, username=finn, password=null, name=finn, gender=1, phone=19876543222, job=2, salary=123, image=https://java-web-ai-360.oss-cn-beijing.aliyuncs.com/2026/05/fdd7baba-95bb-4d6d-9ca0-7327f3f8a4c6.jpg, entryDate=2026-05-05, deptId=3, createTime=2026-05-24T21:11:09.038549, updateTime=2026-05-24T21:11:09.038549, deptName=null, exprList=[])');
/*!40000 ALTER TABLE `emp_log` ENABLE KEYS */;
UNLOCK TABLES;

--
-- Table structure for table `student`
--

DROP TABLE IF EXISTS `student`;
/*!40101 SET @saved_cs_client     = @@character_set_client */;
/*!50503 SET character_set_client = utf8mb4 */;
CREATE TABLE `student` (
  `id` int unsigned NOT NULL AUTO_INCREMENT COMMENT 'ID,дё»й”®',
  `name` varchar(10) NOT NULL COMMENT 'е§“еҗҚ',
  `no` char(10) NOT NULL COMMENT 'еӯҰеҸ·',
  `gender` tinyint unsigned NOT NULL COMMENT 'жҖ§еҲ«, 1: з”·, 2: еҘі',
  `phone` varchar(11) NOT NULL COMMENT 'жүӢжңәеҸ·',
  `id_card` char(18) NOT NULL COMMENT 'иә«д»ҪиҜҒеҸ·',
  `is_college` tinyint unsigned NOT NULL COMMENT 'жҳҜеҗҰжқҘиҮӘдәҺйҷўж Ў, 1:жҳҜ, 0:еҗҰ',
  `address` varchar(100) DEFAULT NULL COMMENT 'иҒ”зі»ең°еқҖ',
  `degree` tinyint unsigned DEFAULT NULL COMMENT 'жңҖй«ҳеӯҰеҺҶ, 1:еҲқдёӯ, 2:й«ҳдёӯ, 3:еӨ§дё“, 4:жң¬з§‘, 5:зЎ•еЈ«, 6:еҚҡеЈ«',
  `graduation_date` date DEFAULT NULL COMMENT 'жҜ•дёҡж—¶й—ҙ',
  `clazz_id` int unsigned NOT NULL COMMENT 'зҸӯзә§ID, е…іиҒ”зҸӯзә§иЎЁID',
  `violation_count` tinyint unsigned NOT NULL DEFAULT '0' COMMENT 'иҝқзәӘж¬Ўж•°',
  `violation_score` tinyint unsigned NOT NULL DEFAULT '0' COMMENT 'иҝқзәӘжүЈеҲҶ',
  `create_time` datetime DEFAULT NULL COMMENT 'еҲӣе»әж—¶й—ҙ',
  `update_time` datetime DEFAULT NULL COMMENT 'дҝ®ж”№ж—¶й—ҙ',
  PRIMARY KEY (`id`),
  UNIQUE KEY `no` (`no`),
  UNIQUE KEY `phone` (`phone`),
  UNIQUE KEY `id_card` (`id_card`)
) ENGINE=InnoDB AUTO_INCREMENT=20 DEFAULT CHARSET=utf8mb4 COLLATE=utf8mb4_0900_ai_ci COMMENT='еӯҰе‘ҳиЎЁ';
/*!40101 SET character_set_client = @saved_cs_client */;

--
-- Dumping data for table `student`
--

LOCK TABLES `student` WRITE;
/*!40000 ALTER TABLE `student` DISABLE KEYS */;
INSERT INTO `student` VALUES (1,'ж®өиӘү','2022000001',1,'18800000001','110120000300200001',1,'еҢ—дә¬еёӮжҳҢе№іеҢәе»әжқҗеҹҺиҘҝи·Ҝ1еҸ·',1,'2021-07-01',2,0,0,'2024-11-14 21:22:19','2024-11-15 16:20:59'),(2,'иҗ§еі°','2022000002',1,'18800210003','110120000300200002',1,'еҢ—дә¬еёӮжҳҢе№іеҢәе»әжқҗеҹҺиҘҝи·Ҝ2еҸ·',2,'2022-07-01',1,0,0,'2024-11-14 21:22:19','2024-11-14 21:22:19'),(3,'иҷҡз«№','2022000003',1,'18800013001','110120000300200003',1,'еҢ—дә¬еёӮжҳҢе№іеҢәе»әжқҗеҹҺиҘҝи·Ҝ3еҸ·',2,'2024-07-01',1,0,0,'2024-11-14 21:22:19','2024-11-14 21:22:19'),(4,'иҗ§иҝңеұұ','2022000004',1,'18800003211','110120000300200004',1,'еҢ—дә¬еёӮжҳҢе№іеҢәе»әжқҗеҹҺиҘҝи·Ҝ4еҸ·',3,'2024-07-01',1,0,0,'2024-11-14 21:22:19','2024-11-14 21:22:19'),(5,'йҳҝжңұ','2022000005',2,'18800160002','110120000300200005',1,'еҢ—дә¬еёӮжҳҢе№іеҢәе»әжқҗеҹҺиҘҝи·Ҝ5еҸ·',4,'2020-07-01',1,0,0,'2024-11-14 21:22:19','2024-11-14 21:22:19'),(6,'йҳҝзҙ«','2022000006',2,'18800000034','110120000300200006',1,'еҢ—дә¬еёӮжҳҢе№іеҢәе»әжқҗеҹҺиҘҝи·Ҝ6еҸ·',4,'2021-07-01',2,0,0,'2024-11-14 21:22:19','2024-11-14 21:22:19'),(7,'жёёеқҰд№Ӣ','2022000007',1,'18800000067','110120000300200007',1,'еҢ—дә¬еёӮжҳҢе№іеҢәе»әжқҗеҹҺиҘҝи·Ҝ7еҸ·',4,'2022-07-01',2,0,0,'2024-11-14 21:22:19','2024-11-14 21:22:19'),(8,'еә·ж•Ҹ','2022000008',2,'18800000077','110120000300200008',1,'еҢ—дә¬еёӮжҳҢе№іеҢәе»әжқҗеҹҺиҘҝи·Ҝ8еҸ·',5,'2024-07-01',2,0,0,'2024-11-14 21:22:19','2024-11-14 21:22:19'),(9,'еҫҗй•ҝиҖҒ','2022000009',1,'18800000341','110120000300200009',1,'еҢ—дә¬еёӮжҳҢе№іеҢәе»әжқҗеҹҺиҘҝи·Ҝ9еҸ·',3,'2024-07-01',2,0,0,'2024-11-14 21:22:19','2024-11-14 21:22:19'),(10,'дә‘дёӯй№Ө','2022000010',1,'18800006571','110120000300200010',1,'еҢ—дә¬еёӮжҳҢе№іеҢәе»әжқҗеҹҺиҘҝи·Ҝ10еҸ·',2,'2020-07-01',2,0,0,'2024-11-14 21:22:19','2024-11-14 21:22:19'),(11,'й’ҹдёҮд»Ү','2022000011',1,'18800000391','110120000300200011',1,'еҢ—дә¬еёӮжҳҢе№іеҢәе»әжқҗеҹҺиҘҝи·Ҝ11еҸ·',4,'2021-07-01',1,0,0,'2024-11-14 21:22:19','2024-11-15 16:21:24'),(12,'еҙ”зҷҫжіү','2022000012',1,'18800000781','110120000300200018',1,'еҢ—дә¬еёӮжҳҢе№іеҢәе»әжқҗеҹҺиҘҝи·Ҝ12еҸ·',4,'2022-07-05',3,6,17,'2024-11-14 21:22:19','2024-12-13 14:33:58'),(13,'иҖ¶еҫӢжҙӘеҹә','2022000013',1,'18800008901','110120000300200013',1,'еҢ—дә¬еёӮжҳҢе№іеҢәе»әжқҗеҹҺиҘҝи·Ҝ13еҸ·',4,'2024-07-01',2,0,0,'2024-11-14 21:22:19','2024-11-15 16:21:21'),(14,'еӨ©еұұз«Ҙе§Ҙ','2022000014',2,'18800009201','110120000300200014',1,'еҢ—дә¬еёӮжҳҢе№іеҢәе»әжқҗеҹҺиҘҝи·Ҝ14еҸ·',4,'2024-07-01',1,0,0,'2024-11-14 21:22:19','2024-11-15 16:21:17'),(15,'еҲҳз«№еә„','2022000015',1,'18800009401','110120000300200015',1,'еҢ—дә¬еёӮжҳҢе№іеҢәе»әжқҗеҹҺиҘҝи·Ҝ15еҸ·',3,'2020-07-01',4,0,0,'2024-11-14 21:22:19','2024-11-14 21:22:19'),(16,'жқҺжҳҘжқҘ','2022000016',1,'18800008501','110120000300200016',1,'еҢ—дә¬еёӮжҳҢе№іеҢәе»әжқҗеҹҺиҘҝи·Ҝ16еҸ·',4,'2021-07-01',4,0,0,'2024-11-14 21:22:19','2024-11-14 21:22:19'),(17,'зҺӢиҜӯе«Ј','2022000017',2,'18800007601','110120000300200017',1,'еҢ—дә¬еёӮжҳҢе№іеҢәе»әжқҗеҹҺиҘҝи·Ҝ17еҸ·',2,'2022-07-01',4,0,0,'2024-11-14 21:22:19','2024-11-14 21:22:19'),(18,'йғ‘жҲҗеҠҹ','2024001101',1,'13309092345','110110110110110110',0,'еҢ—дә¬еёӮжҳҢе№іеҢәеӣһйҫҷи§ӮиЎ—йҒ“88еҸ·',5,'2021-07-01',3,2,7,'2024-11-15 16:26:18','2024-11-15 16:40:10'),(19,'xxxxx','1234231422',1,'15343423423','341242134213477777',1,'1234234',2,'2026-06-09',7,0,0,'2026-06-04 17:46:23','2026-06-04 17:46:23');
/*!40000 ALTER TABLE `student` ENABLE KEYS */;
UNLOCK TABLES;
/*!40103 SET TIME_ZONE=@OLD_TIME_ZONE */;

/*!40101 SET SQL_MODE=@OLD_SQL_MODE */;
/*!40014 SET FOREIGN_KEY_CHECKS=@OLD_FOREIGN_KEY_CHECKS */;
/*!40014 SET UNIQUE_CHECKS=@OLD_UNIQUE_CHECKS */;
/*!40101 SET CHARACTER_SET_CLIENT=@OLD_CHARACTER_SET_CLIENT */;
/*!40101 SET CHARACTER_SET_RESULTS=@OLD_CHARACTER_SET_RESULTS */;
/*!40101 SET COLLATION_CONNECTION=@OLD_COLLATION_CONNECTION */;
/*!40111 SET SQL_NOTES=@OLD_SQL_NOTES */;

-- Dump completed on 2026-06-04 18:31:07
